,precision,recall,f1-score,support
0.0,0.5236486486486487,0.7598039215686274,0.62,204.0
1.0,0.5288461538461539,0.28061224489795916,0.36666666666666664,196.0
accuracy,0.525,0.525,0.525,0.525
macro avg,0.5262474012474012,0.5202080832332933,0.4933333333333333,400.0
weighted avg,0.5261954261954263,0.525,0.4958666666666667,400.0
