,precision,recall,f1-score,support
0.0,0.0,0.0,0.0,15.0
1.0,0.5,1.0,0.6666666666666666,25.0
2.0,0.0,0.0,0.0,25.0
3.0,0.625,1.0,0.7692307692307693,25.0
accuracy,0.5555555555555556,0.5555555555555556,0.5555555555555556,0.5555555555555556
macro avg,0.28125,0.5,0.358974358974359,90.0
weighted avg,0.3125,0.5555555555555556,0.39886039886039887,90.0
