,precision,recall,f1-score,support
0.0,0.45555555555555555,1.0,0.6259541984732825,41.0
1.0,0.0,0.0,0.0,49.0
accuracy,0.45555555555555555,0.45555555555555555,0.45555555555555555,0.45555555555555555
macro avg,0.22777777777777777,0.5,0.31297709923664124,90.0
weighted avg,0.20753086419753086,0.45555555555555555,0.2851569126378287,90.0
