,precision,recall,f1-score,support
0.0,0.0,0.0,0.0,25.0
1.0,0.16,0.32,0.21333333333333335,25.0
2.0,0.25,0.08,0.12121212121212122,25.0
3.0,0.023809523809523808,0.04,0.029850746268656712,25.0
accuracy,0.11,0.11,0.11,0.11
macro avg,0.10845238095238097,0.11,0.09109905020352782,100.0
weighted avg,0.10845238095238095,0.11,0.0910990502035278,100.0
