,precision,recall,f1-score,support
0.0,0.8163265306122449,1.0,0.898876404494382,40.0
1.0,1.0,0.82,0.9010989010989011,50.0
accuracy,0.9,0.9,0.9,0.9
macro avg,0.9081632653061225,0.9099999999999999,0.8999876527966415,90.0
weighted avg,0.9183673469387754,0.9,0.9001111248302259,90.0
