,precision,recall,f1-score,support
0.0,0.0,0.0,0.0,23.0
1.0,0.30303030303030304,0.30303030303030304,0.30303030303030304,33.0
2.0,0.5892857142857143,1.0,0.7415730337078651,33.0
accuracy,0.48314606741573035,0.48314606741573035,0.48314606741573035,0.48314606741573035
macro avg,0.29743867243867245,0.4343434343434343,0.34820111224605604,89.0
weighted avg,0.33085874799357945,0.48314606741573035,0.38732483272314105,89.0
