,precision,recall,f1-score,support
0.0,0.0,0.0,0.0,25.0
1.0,0.14285714285714285,0.04,0.0625,25.0
2.0,0.0,0.0,0.0,25.0
3.0,0.23655913978494625,0.88,0.3728813559322034,25.0
accuracy,0.23,0.23,0.23,0.23
macro avg,0.09485407066052227,0.23,0.10884533898305085,100.0
weighted avg,0.09485407066052227,0.23,0.10884533898305085,100.0
