,precision,recall,f1-score,support
0.0,0.571969696969697,0.5875486381322957,0.579654510556622,257.0
1.0,0.5470085470085471,0.5311203319502075,0.5389473684210526,241.0
accuracy,0.5602409638554217,0.5602409638554217,0.5602409638554217,0.5602409638554217
macro avg,0.559489121989122,0.5593344850412516,0.5593009394888373,498.0
weighted avg,0.5598901043178152,0.5602409638554217,0.559954869482983,498.0
