,precision,recall,f1-score,support
0.0,0.5102040816326531,1.0,0.6756756756756758,250.0
1.0,0.0,0.0,0.0,240.0
accuracy,0.5102040816326531,0.5102040816326531,0.5102040816326531,0.5102040816326531
macro avg,0.25510204081632654,0.5,0.3378378378378379,490.0
weighted avg,0.2603082049146189,0.5102040816326531,0.3447324875896305,490.0
